<?xml version="1.0" encoding="UTF-8"?>
<metadata xml:lang="en"><Esri><CreaDate>20191112</CreaDate><CreaTime>15134300</CreaTime><ArcGISFormat>1.0</ArcGISFormat><SyncOnce>TRUE</SyncOnce><DataProperties><lineage><Process ToolSource="c:\program files (x86)\arcgis\desktop10.7\ArcToolbox\Toolboxes\Analysis Tools.tbx\Clip" Date="20191112" Time="151343">Clip census_tracts Municipal_Boundary \\medusa\StudentWork\laplacaa\Assignment_4\mississauga_clip.shp #</Process></lineage></DataProperties></Esri></metadata>
